parameter,estimate,se,fixed
beta,6.4228772236789595,0.003962732496800109,FALSE
gamma,2.142857142857143,NA,TRUE
nu,0.05944582398978873,NA,TRUE
