parameter,estimate,se,fixed
beta,17.884344171571396,1.237659429389351e-4,FALSE
gamma,2.142857142857143,NA,TRUE
nu,0.68,NA,TRUE
